﻿Designator,Footprint,Quantity,Value,LCSC Part #
1111,SDO_SOD-123FL_ONS,1,MBR120VLSFT1G,
"C1, C4",0402,2,15pF,
"C10, C9",0603,2,47uF,
"C11, C12, C15, C16, C18, C19, C2, C21, C22, C23, C24, C25, C26, C3",0402,14,0.1uF,
"C13, C27",CP_EIA-3528-15_AVX-H,2,10uF,
"C14, C17",0402,2,1uF,
C5,0603,1,10uF,
C6,CP_Elec_6.3x7.7,1,100uF,
"C7, C8",0603,2,22uF,
"D2, D3, D4",0402,3,LED,
J1,USB_C_Receptacle_HRO_TYPE-C-31-M-12,1,USB_C_Receptacle_USB2.0_14P,
J2,PinHeader_1x13_P2.54mm_Vertical,1,Conn_01x13,
J3,PinHeader_1x09_P2.54mm_Vertical,1,Conn_01x09,
"J4, J6, J7","TerminalBlock_Phoenix_MKDS-1,5-2-5.08_1x02_P5.08mm_Horizontal",3,Conn_01x02,
J8,PinHeader_1x04_P2.54mm_Vertical,1,Conn_01x04,
"L1, L2",0201,2,2u2,
"R1, R13, R15, R6",0402,4,10K,
"R10, R14, R2",0402,3,100K,
"R11, R7",0402,2,5.1K,
R12,0402,1,180K,
"R16, R17",0402,2,27,
R19,0402,1,330,
"R20, R3, R5",0402,3,1K,
R21,0402,1,2K,
R4,0402,1,52.3K,
R8,0402,1,1M,
R9,0402,1,5K6,
"SW1, SW2",SW_Push_SPST_NO_Alps_SKRK,2,SW_Push,
U1,SOT-23-6,1,AP62401WU-7,
U2,Winbond_USON-8-1EP_3x2mm_P0.5mm_EP0.2x1.6mm,1,W25Q16JVUXIQ TR,
U3,QFN_4AGQW_RIT,1,RT6154AGQW,
U4,SSOP-24_5.3x8.2mm_P0.65mm,1,TB6612FNG,
U5,QFN-56-1EP_7x7mm_P0.4mm_EP3.2x3.2mm,1,RP2040,
Y1,Crystal_SMD_3225-4Pin_3.2x2.5mm,1,12 MHz,
